{
    "best_valid": 0.8838942307692308,
    "selected_epoch": 20,
    "test": 0.8803365384615385,
    "time": 479.81947445869446
}